candidate,start_date,end_date,start_decade,final_multiple,cagr,max_drawdown
A_Current,1977-03,2007-02,1970s,79.7250,15.714,25.87
G15_noGoldEquiv,1977-03,2007-02,1970s,34.2184,12.497,16.66
allocation_noGoldEquiv,1977-03,2007-02,1970s,58.5263,14.528,16.97
A_Current,1977-04,2007-03,1970s,79.7763,15.717,25.80
G15_noGoldEquiv,1977-04,2007-03,1970s,34.3190,12.508,16.32
allocation_noGoldEquiv,1977-04,2007-03,1970s,58.8709,14.550,16.68
A_Current,1977-05,2007-04,1970s,82.1478,15.830,25.76
G15_noGoldEquiv,1977-05,2007-04,1970s,35.0202,12.584,16.26
allocation_noGoldEquiv,1977-05,2007-04,1970s,60.0216,14.624,16.70
A_Current,1977-06,2007-05,1970s,83.7786,15.906,25.73
G15_noGoldEquiv,1977-06,2007-05,1970s,34.9695,12.579,16.19
allocation_noGoldEquiv,1977-06,2007-05,1970s,60.2846,14.641,16.67
A_Current,1977-07,2007-06,1970s,80.6452,15.758,25.72
G15_noGoldEquiv,1977-07,2007-06,1970s,34.2675,12.503,16.00
allocation_noGoldEquiv,1977-07,2007-06,1970s,59.4329,14.587,16.45
A_Current,1977-08,2007-07,1970s,78.0032,15.630,25.58
G15_noGoldEquiv,1977-08,2007-07,1970s,33.9006,12.462,15.64
allocation_noGoldEquiv,1977-08,2007-07,1970s,59.0217,14.560,16.17
A_Current,1977-09,2007-08,1970s,78.1569,15.638,25.52
G15_noGoldEquiv,1977-09,2007-08,1970s,34.5434,12.533,15.22
allocation_noGoldEquiv,1977-09,2007-08,1970s,59.3279,14.580,14.12
A_Current,1977-10,2007-09,1970s,80.5632,15.754,25.35
G15_noGoldEquiv,1977-10,2007-09,1970s,35.6270,12.649,15.03
allocation_noGoldEquiv,1977-10,2007-09,1970s,60.9716,14.684,14.17
A_Current,1977-11,2007-10,1970s,83.7733,15.905,25.40
G15_noGoldEquiv,1977-11,2007-10,1970s,35.6176,12.648,16.92
allocation_noGoldEquiv,1977-11,2007-10,1970s,61.5099,14.718,15.63
A_Current,1977-12,2007-11,1970s,76.7606,15.568,25.96
G15_noGoldEquiv,1977-12,2007-11,1970s,33.3631,12.402,17.45
allocation_noGoldEquiv,1977-12,2007-11,1970s,57.8256,14.482,17.73
A_Current,1978-01,2007-12,1970s,76.6573,15.563,25.99
G15_noGoldEquiv,1978-01,2007-12,1970s,33.7740,12.448,17.44
allocation_noGoldEquiv,1978-01,2007-12,1970s,58.3059,14.514,17.74
A_Current,1978-02,2008-01,1970s,74.2755,15.441,25.91
G15_noGoldEquiv,1978-02,2008-01,1970s,33.1304,12.376,17.00
allocation_noGoldEquiv,1978-02,2008-01,1970s,57.2078,14.441,17.32
A_Current,1978-03,2008-02,1970s,72.2563,15.335,25.87
G15_noGoldEquiv,1978-03,2008-02,1970s,32.9570,12.357,16.66
allocation_noGoldEquiv,1978-03,2008-02,1970s,56.7376,14.410,16.97
A_Current,1978-04,2008-03,1970s,70.5278,15.242,25.80
G15_noGoldEquiv,1978-04,2008-03,1970s,32.7986,12.338,16.32
allocation_noGoldEquiv,1978-04,2008-03,1970s,56.4987,14.393,16.68
A_Current,1978-05,2008-04,1970s,69.0361,15.160,25.76
G15_noGoldEquiv,1978-05,2008-04,1970s,32.2439,12.275,16.26
allocation_noGoldEquiv,1978-05,2008-04,1970s,55.5088,14.326,16.70
A_Current,1978-06,2008-05,1970s,66.6160,15.023,25.73
G15_noGoldEquiv,1978-06,2008-05,1970s,31.0843,12.138,16.19
allocation_noGoldEquiv,1978-06,2008-05,1970s,53.6720,14.198,16.67
A_Current,1978-07,2008-06,1970s,62.8330,14.799,25.72
G15_noGoldEquiv,1978-07,2008-06,1970s,30.3304,12.046,16.00
allocation_noGoldEquiv,1978-07,2008-06,1970s,52.2471,14.096,16.45
A_Current,1978-08,2008-07,1970s,59.4440,14.587,25.58
G15_noGoldEquiv,1978-08,2008-07,1970s,29.2211,11.907,15.64
allocation_noGoldEquiv,1978-08,2008-07,1970s,50.5734,13.972,16.17
A_Current,1978-09,2008-08,1970s,57.8546,14.484,25.52
G15_noGoldEquiv,1978-09,2008-08,1970s,29.0958,11.891,15.22
allocation_noGoldEquiv,1978-09,2008-08,1970s,49.6265,13.900,14.12
A_Current,1978-10,2008-09,1970s,54.9590,14.288,25.35
G15_noGoldEquiv,1978-10,2008-09,1970s,28.5789,11.824,15.03
allocation_noGoldEquiv,1978-10,2008-09,1970s,48.2711,13.795,14.17
A_Current,1978-11,2008-10,1970s,48.0859,13.780,32.81
G15_noGoldEquiv,1978-11,2008-10,1970s,25.8288,11.447,18.58
allocation_noGoldEquiv,1978-11,2008-10,1970s,43.4059,13.393,18.51
A_Current,1978-12,2008-11,1970s,43.8647,13.432,39.62
G15_noGoldEquiv,1978-12,2008-11,1970s,24.5778,11.263,22.00
allocation_noGoldEquiv,1978-12,2008-11,1970s,41.1907,13.195,22.92
A_Current,1979-01,2008-12,1970s,43.7021,13.418,39.53
G15_noGoldEquiv,1979-01,2008-12,1970s,25.1252,11.345,21.85
allocation_noGoldEquiv,1979-01,2008-12,1970s,41.3458,13.209,22.80
A_Current,1979-02,2009-01,1970s,38.2631,12.917,42.79
G15_noGoldEquiv,1979-02,2009-01,1970s,22.5708,10.948,24.65
allocation_noGoldEquiv,1979-02,2009-01,1970s,37.9506,12.886,25.31
A_Current,1979-03,2009-02,1970s,35.2467,12.608,47.65
G15_noGoldEquiv,1979-03,2009-02,1970s,21.8693,10.831,28.05
allocation_noGoldEquiv,1979-03,2009-02,1970s,36.5642,12.746,28.59
A_Current,1979-04,2009-03,1970s,33.8329,12.455,48.07
G15_noGoldEquiv,1979-04,2009-03,1970s,21.3673,10.745,28.58
allocation_noGoldEquiv,1979-04,2009-03,1970s,35.6153,12.647,29.59
A_Current,1979-05,2009-04,1970s,36.9590,12.787,47.94
G15_noGoldEquiv,1979-05,2009-04,1970s,22.0781,10.866,28.04
allocation_noGoldEquiv,1979-05,2009-04,1970s,36.9044,12.781,29.10
A_Current,1979-06,2009-05,1970s,38.6785,12.958,47.79
G15_noGoldEquiv,1979-06,2009-05,1970s,22.2877,10.901,27.52
allocation_noGoldEquiv,1979-06,2009-05,1970s,37.5923,12.850,28.66
A_Current,1979-07,2009-06,1970s,37.9938,12.890,47.83
G15_noGoldEquiv,1979-07,2009-06,1970s,21.9382,10.843,28.01
allocation_noGoldEquiv,1979-07,2009-06,1970s,37.1848,12.809,29.08
A_Current,1979-08,2009-07,1970s,38.3434,12.925,48.15
G15_noGoldEquiv,1979-08,2009-07,1970s,21.9329,10.842,28.51
allocation_noGoldEquiv,1979-08,2009-07,1970s,37.2418,12.815,29.57
A_Current,1979-09,2009-08,1970s,39.5694,13.043,48.20
G15_noGoldEquiv,1979-09,2009-08,1970s,22.6832,10.966,28.53
allocation_noGoldEquiv,1979-09,2009-08,1970s,38.0271,12.894,29.57
A_Current,1979-10,2009-09,1970s,41.2463,13.200,48.29
G15_noGoldEquiv,1979-10,2009-09,1970s,23.4320,11.086,28.96
allocation_noGoldEquiv,1979-10,2009-09,1970s,38.8882,12.978,29.94
A_Current,1979-11,2009-10,1970s,43.4601,13.397,48.30
G15_noGoldEquiv,1979-11,2009-10,1970s,24.1324,11.195,29.24
allocation_noGoldEquiv,1979-11,2009-10,1970s,40.1911,13.102,28.78
A_Current,1979-12,2009-11,1970s,43.6421,13.413,48.17
G15_noGoldEquiv,1979-12,2009-11,1970s,24.0705,11.186,29.05
allocation_noGoldEquiv,1979-12,2009-11,1970s,40.2490,13.108,28.63
A_Current,1980-01,2009-12,1980s,43.3384,13.387,47.78
G15_noGoldEquiv,1980-01,2009-12,1980s,24.1816,11.203,28.32
allocation_noGoldEquiv,1980-01,2009-12,1980s,40.1036,13.094,28.13
A_Current,1980-02,2010-01,1980s,40.9928,13.177,48.14
G15_noGoldEquiv,1980-02,2010-01,1980s,23.3890,11.079,29.21
allocation_noGoldEquiv,1980-02,2010-01,1980s,38.8617,12.975,28.81
A_Current,1980-03,2010-02,1980s,40.6966,13.149,47.83
G15_noGoldEquiv,1980-03,2010-02,1980s,23.8806,11.156,28.48
allocation_noGoldEquiv,1980-03,2010-02,1980s,38.8301,12.972,28.59
A_Current,1980-04,2010-03,1980s,48.7054,13.829,48.07
G15_noGoldEquiv,1980-04,2010-03,1980s,27.1179,11.629,28.58
allocation_noGoldEquiv,1980-04,2010-03,1980s,44.1398,13.456,29.59
A_Current,1980-05,2010-04,1980s,50.0194,13.930,47.94
G15_noGoldEquiv,1980-05,2010-04,1980s,26.5634,11.552,28.04
allocation_noGoldEquiv,1980-05,2010-04,1980s,43.6550,13.414,29.10
A_Current,1980-06,2010-05,1980s,43.2031,13.375,47.79
G15_noGoldEquiv,1980-06,2010-05,1980s,23.6040,11.113,27.52
allocation_noGoldEquiv,1980-06,2010-05,1980s,38.9561,12.985,28.66
A_Current,1980-07,2010-06,1980s,38.0384,12.895,47.83
G15_noGoldEquiv,1980-07,2010-06,1980s,21.6378,10.792,28.01
allocation_noGoldEquiv,1980-07,2010-06,1980s,35.7392,12.660,29.08
A_Current,1980-08,2010-07,1980s,36.5265,12.742,48.15
G15_noGoldEquiv,1980-08,2010-07,1980s,21.1302,10.704,28.51
allocation_noGoldEquiv,1980-08,2010-07,1980s,34.8493,12.566,29.57
A_Current,1980-09,2010-08,1980s,35.0771,12.590,48.20
G15_noGoldEquiv,1980-09,2010-08,1980s,21.1318,10.704,28.53
allocation_noGoldEquiv,1980-09,2010-08,1980s,34.2261,12.498,29.57
A_Current,1980-10,2010-09,1980s,36.3180,12.721,48.29
G15_noGoldEquiv,1980-10,2010-09,1980s,21.6548,10.795,28.96
allocation_noGoldEquiv,1980-10,2010-09,1980s,34.7498,12.555,29.94
A_Current,1980-11,2010-10,1980s,36.8838,12.779,48.30
G15_noGoldEquiv,1980-11,2010-10,1980s,21.5224,10.772,29.24
allocation_noGoldEquiv,1980-11,2010-10,1980s,34.7720,12.557,28.78
A_Current,1980-12,2010-11,1980s,36.2226,12.711,48.17
G15_noGoldEquiv,1980-12,2010-11,1980s,21.0548,10.691,29.05
allocation_noGoldEquiv,1980-12,2010-11,1980s,34.0733,12.481,28.63
A_Current,1981-01,2010-12,1980s,38.5811,12.948,47.78
G15_noGoldEquiv,1981-01,2010-12,1980s,22.1763,10.882,28.32
allocation_noGoldEquiv,1981-01,2010-12,1980s,35.6486,12.651,28.13
A_Current,1981-02,2011-01,1980s,38.8168,12.971,48.14
G15_noGoldEquiv,1981-02,2011-01,1980s,22.0101,10.855,29.21
allocation_noGoldEquiv,1981-02,2011-01,1980s,35.7677,12.663,28.81
A_Current,1981-03,2011-02,1980s,41.3871,13.213,47.83
G15_noGoldEquiv,1981-03,2011-02,1980s,23.6584,11.122,28.48
allocation_noGoldEquiv,1981-03,2011-02,1980s,38.0809,12.899,28.59
A_Current,1981-04,2011-03,1980s,39.4096,13.028,48.07
G15_noGoldEquiv,1981-04,2011-03,1980s,23.1159,11.036,28.58
allocation_noGoldEquiv,1981-04,2011-03,1980s,37.3225,12.823,29.59
A_Current,1981-05,2011-04,1980s,39.3257,13.020,47.94
G15_noGoldEquiv,1981-05,2011-04,1980s,22.7973,10.985,28.04
allocation_noGoldEquiv,1981-05,2011-04,1980s,36.5849,12.748,29.10
A_Current,1981-06,2011-05,1980s,38.7519,12.965,47.79
G15_noGoldEquiv,1981-06,2011-05,1980s,22.0897,10.868,27.52
allocation_noGoldEquiv,1981-06,2011-05,1980s,35.7440,12.661,28.66
A_Current,1981-07,2011-06,1980s,36.8193,12.772,47.83
G15_noGoldEquiv,1981-07,2011-06,1980s,21.2256,10.721,28.01
allocation_noGoldEquiv,1981-07,2011-06,1980s,34.3326,12.510,29.08
A_Current,1981-08,2011-07,1980s,37.4551,12.837,48.15
G15_noGoldEquiv,1981-08,2011-07,1980s,21.6729,10.798,28.51
allocation_noGoldEquiv,1981-08,2011-07,1980s,35.0755,12.590,29.57
A_Current,1981-09,2011-08,1980s,34.7628,12.556,48.20
G15_noGoldEquiv,1981-09,2011-08,1980s,21.0957,10.698,28.53
allocation_noGoldEquiv,1981-09,2011-08,1980s,33.1761,12.381,29.57
A_Current,1981-10,2011-09,1980s,36.3914,12.728,48.29
G15_noGoldEquiv,1981-10,2011-09,1980s,22.2429,10.894,28.96
allocation_noGoldEquiv,1981-10,2011-09,1980s,34.5574,12.534,29.94
A_Current,1981-11,2011-10,1980s,37.3571,12.827,48.30
G15_noGoldEquiv,1981-11,2011-10,1980s,21.8715,10.831,29.24
allocation_noGoldEquiv,1981-11,2011-10,1980s,34.4945,12.527,28.78
A_Current,1981-12,2011-11,1980s,36.1742,12.706,48.17
G15_noGoldEquiv,1981-12,2011-11,1980s,20.9234,10.668,29.05
allocation_noGoldEquiv,1981-12,2011-11,1980s,33.4299,12.410,28.63
A_Current,1982-01,2011-12,1980s,37.0637,12.797,47.78
G15_noGoldEquiv,1982-01,2011-12,1980s,22.0535,10.862,28.32
allocation_noGoldEquiv,1982-01,2011-12,1980s,34.5024,12.528,28.13
A_Current,1982-02,2012-01,1980s,39.9126,13.076,48.14
G15_noGoldEquiv,1982-02,2012-01,1980s,22.9028,11.002,29.21
allocation_noGoldEquiv,1982-02,2012-01,1980s,36.2021,12.709,28.81
A_Current,1982-03,2012-02,1980s,42.5824,13.320,47.83
G15_noGoldEquiv,1982-03,2012-02,1980s,24.2354,11.211,28.48
allocation_noGoldEquiv,1982-03,2012-02,1980s,38.3236,12.923,28.59
A_Current,1982-04,2012-03,1980s,44.6280,13.498,48.07
G15_noGoldEquiv,1982-04,2012-03,1980s,25.0984,11.341,28.58
allocation_noGoldEquiv,1982-04,2012-03,1980s,40.0153,13.086,29.59
A_Current,1982-05,2012-04,1980s,42.1302,13.280,47.94
G15_noGoldEquiv,1982-05,2012-04,1980s,23.4099,11.083,28.04
allocation_noGoldEquiv,1982-05,2012-04,1980s,37.4621,12.837,29.10
A_Current,1982-06,2012-05,1980s,40.0825,13.092,47.79
G15_noGoldEquiv,1982-06,2012-05,1980s,22.4628,10.930,27.52
allocation_noGoldEquiv,1982-06,2012-05,1980s,35.7961,12.666,28.66
A_Current,1982-07,2012-06,1980s,41.4127,13.215,47.83
G15_noGoldEquiv,1982-07,2012-06,1980s,22.8608,10.995,28.01
allocation_noGoldEquiv,1982-07,2012-06,1980s,36.3697,12.726,29.08
A_Current,1982-08,2012-07,1980s,41.2781,13.203,48.15
G15_noGoldEquiv,1982-08,2012-07,1980s,22.5605,10.946,28.51
allocation_noGoldEquiv,1982-08,2012-07,1980s,36.3496,12.724,29.57
A_Current,1982-09,2012-08,1980s,41.4007,13.214,48.20
G15_noGoldEquiv,1982-09,2012-08,1980s,22.2637,10.897,28.53
allocation_noGoldEquiv,1982-09,2012-08,1980s,36.1414,12.702,29.57
A_Current,1982-10,2012-09,1980s,39.5100,13.038,48.29
G15_noGoldEquiv,1982-10,2012-09,1980s,21.4184,10.754,28.96
allocation_noGoldEquiv,1982-10,2012-09,1980s,34.7268,12.553,29.94
A_Current,1982-11,2012-10,1980s,36.1058,12.699,48.30
G15_noGoldEquiv,1982-11,2012-10,1980s,19.7416,10.453,29.24
allocation_noGoldEquiv,1982-11,2012-10,1980s,32.3632,12.288,28.78
A_Current,1982-12,2012-11,1980s,33.5537,12.424,48.17
G15_noGoldEquiv,1982-12,2012-11,1980s,18.7586,10.266,29.05
allocation_noGoldEquiv,1982-12,2012-11,1980s,30.7128,12.093,28.63
A_Current,1983-01,2012-12,1980s,34.3509,12.512,47.78
G15_noGoldEquiv,1983-01,2012-12,1980s,19.2806,10.367,28.32
allocation_noGoldEquiv,1983-01,2012-12,1980s,31.3958,12.175,28.13
A_Current,1983-02,2013-01,1980s,34.3506,12.512,48.14
G15_noGoldEquiv,1983-02,2013-01,1980s,19.1633,10.344,29.21
allocation_noGoldEquiv,1983-02,2013-01,1980s,31.3049,12.164,28.81
A_Current,1983-03,2013-02,1980s,34.3728,12.514,47.83
G15_noGoldEquiv,1983-03,2013-02,1980s,19.4120,10.392,28.48
allocation_noGoldEquiv,1983-03,2013-02,1980s,31.7714,12.219,28.59
A_Current,1983-04,2013-03,1980s,34.1939,12.495,48.07
G15_noGoldEquiv,1983-04,2013-03,1980s,19.6141,10.430,28.58
allocation_noGoldEquiv,1983-04,2013-03,1980s,32.0324,12.250,29.59
A_Current,1983-05,2013-04,1980s,32.3794,12.290,47.94
G15_noGoldEquiv,1983-05,2013-04,1980s,18.3778,10.190,28.04
allocation_noGoldEquiv,1983-05,2013-04,1980s,30.1860,12.028,29.10
A_Current,1983-06,2013-05,1980s,32.1458,12.263,47.79
G15_noGoldEquiv,1983-06,2013-05,1980s,18.1333,10.141,27.52
allocation_noGoldEquiv,1983-06,2013-05,1980s,29.7018,11.968,28.66
A_Current,1983-07,2013-06,1980s,31.0339,12.132,47.83
G15_noGoldEquiv,1983-07,2013-06,1980s,17.4696,10.004,28.01
allocation_noGoldEquiv,1983-07,2013-06,1980s,28.7019,11.840,29.08
A_Current,1983-08,2013-07,1980s,31.8403,12.227,48.15
G15_noGoldEquiv,1983-08,2013-07,1980s,17.8410,10.081,28.51
allocation_noGoldEquiv,1983-08,2013-07,1980s,29.3236,11.920,29.57
A_Current,1983-09,2013-08,1980s,32.0890,12.257,48.20
G15_noGoldEquiv,1983-09,2013-08,1980s,17.9419,10.102,28.53
allocation_noGoldEquiv,1983-09,2013-08,1980s,29.4300,11.933,29.57
A_Current,1983-10,2013-09,1980s,32.0161,12.248,48.29
G15_noGoldEquiv,1983-10,2013-09,1980s,17.9088,10.095,28.96
allocation_noGoldEquiv,1983-10,2013-09,1980s,29.3280,11.920,29.94
A_Current,1983-11,2013-10,1980s,33.2990,12.395,48.30
G15_noGoldEquiv,1983-11,2013-10,1980s,18.2519,10.165,29.24
allocation_noGoldEquiv,1983-11,2013-10,1980s,29.9121,11.994,28.78
A_Current,1983-12,2013-11,1980s,34.3013,12.506,48.17
G15_noGoldEquiv,1983-12,2013-11,1980s,18.6371,10.242,29.05
allocation_noGoldEquiv,1983-12,2013-11,1980s,30.6150,12.081,28.63
A_Current,1984-01,2013-12,1980s,35.0687,12.589,47.78
G15_noGoldEquiv,1984-01,2013-12,1980s,19.2670,10.364,28.32
allocation_noGoldEquiv,1984-01,2013-12,1980s,31.3931,12.175,28.13
A_Current,1984-02,2014-01,1980s,34.0547,12.479,48.14
G15_noGoldEquiv,1984-02,2014-01,1980s,18.7759,10.269,29.21
allocation_noGoldEquiv,1984-02,2014-01,1980s,30.7543,12.098,28.81
A_Current,1984-03,2014-02,1980s,36.7516,12.765,47.83
G15_noGoldEquiv,1984-03,2014-02,1980s,20.1062,10.521,28.48
allocation_noGoldEquiv,1984-03,2014-02,1980s,32.7075,12.328,28.59
A_Current,1984-04,2014-03,1980s,37.5197,12.843,48.07
G15_noGoldEquiv,1984-04,2014-03,1980s,20.7427,10.636,28.58
allocation_noGoldEquiv,1984-04,2014-03,1980s,33.6537,12.435,29.59
A_Current,1984-05,2014-04,1980s,36.8775,12.778,47.94
G15_noGoldEquiv,1984-05,2014-04,1980s,20.0093,10.503,28.04
allocation_noGoldEquiv,1984-05,2014-04,1980s,32.5162,12.306,29.10
A_Current,1984-06,2014-05,1980s,37.8576,12.877,47.79
G15_noGoldEquiv,1984-06,2014-05,1980s,20.3946,10.573,27.52
allocation_noGoldEquiv,1984-06,2014-05,1980s,32.7542,12.333,28.66
A_Current,1984-07,2014-06,1980s,39.1696,13.005,47.83
G15_noGoldEquiv,1984-07,2014-06,1980s,20.5726,10.605,28.01
allocation_noGoldEquiv,1984-07,2014-06,1980s,33.2081,12.385,29.08
A_Current,1984-08,2014-07,1980s,38.8375,12.973,48.15
G15_noGoldEquiv,1984-08,2014-07,1980s,20.1824,10.535,28.51
allocation_noGoldEquiv,1984-08,2014-07,1980s,33.0614,12.368,29.57
A_Current,1984-09,2014-08,1980s,35.9408,12.682,48.20
G15_noGoldEquiv,1984-09,2014-08,1980s,19.1105,10.334,28.53
allocation_noGoldEquiv,1984-09,2014-08,1980s,31.1386,12.144,29.57
A_Current,1984-10,2014-09,1980s,35.3790,12.622,48.29
G15_noGoldEquiv,1984-10,2014-09,1980s,19.0269,10.318,28.96
allocation_noGoldEquiv,1984-10,2014-09,1980s,31.0302,12.131,29.94
A_Current,1984-11,2014-10,1980s,35.5266,12.638,48.30
G15_noGoldEquiv,1984-11,2014-10,1980s,18.6608,10.246,29.24
allocation_noGoldEquiv,1984-11,2014-10,1980s,30.6647,12.087,28.78
A_Current,1984-12,2014-11,1980s,36.4387,12.733,48.17
G15_noGoldEquiv,1984-12,2014-11,1980s,19.1357,10.339,29.05
allocation_noGoldEquiv,1984-12,2014-11,1980s,31.3828,12.173,28.63
A_Current,1985-01,2014-12,1980s,37.0217,12.793,47.78
G15_noGoldEquiv,1985-01,2014-12,1980s,19.7189,10.449,28.32
allocation_noGoldEquiv,1985-01,2014-12,1980s,32.0542,12.253,28.13
A_Current,1985-02,2015-01,1980s,33.8205,12.453,48.14
G15_noGoldEquiv,1985-02,2015-01,1980s,18.4877,10.212,29.21
allocation_noGoldEquiv,1985-02,2015-01,1980s,30.2090,12.031,28.81
A_Current,1985-03,2015-02,1980s,34.1621,12.491,47.83
G15_noGoldEquiv,1985-03,2015-02,1980s,18.9481,10.303,28.48
allocation_noGoldEquiv,1985-03,2015-02,1980s,30.6861,12.089,28.59
A_Current,1985-04,2015-03,1980s,34.3647,12.513,48.07
G15_noGoldEquiv,1985-04,2015-03,1980s,19.1556,10.343,28.58
allocation_noGoldEquiv,1985-04,2015-03,1980s,31.0899,12.138,29.59
A_Current,1985-05,2015-04,1980s,33.6258,12.432,47.94
G15_noGoldEquiv,1985-05,2015-04,1980s,18.1734,10.149,28.04
allocation_noGoldEquiv,1985-05,2015-04,1980s,29.7927,11.979,29.10
A_Current,1985-06,2015-05,1980s,32.5009,12.304,47.79
G15_noGoldEquiv,1985-06,2015-05,1980s,17.1392,9.934,27.52
allocation_noGoldEquiv,1985-06,2015-05,1980s,28.4482,11.807,28.66
A_Current,1985-07,2015-06,1980s,31.4984,12.187,47.83
G15_noGoldEquiv,1985-07,2015-06,1980s,16.5461,9.805,28.01
allocation_noGoldEquiv,1985-07,2015-06,1980s,27.5359,11.685,29.08
A_Current,1985-08,2015-07,1980s,30.1655,12.026,48.15
G15_noGoldEquiv,1985-08,2015-07,1980s,16.2291,9.734,28.51
allocation_noGoldEquiv,1985-08,2015-07,1980s,27.0145,11.614,29.57
A_Current,1985-09,2015-08,1980s,29.6396,11.960,48.20
G15_noGoldEquiv,1985-09,2015-08,1980s,16.0125,9.685,28.53
allocation_noGoldEquiv,1985-09,2015-08,1980s,26.6793,11.568,29.57
A_Current,1985-10,2015-09,1980s,29.4076,11.931,48.29
G15_noGoldEquiv,1985-10,2015-09,1980s,16.1167,9.709,28.96
allocation_noGoldEquiv,1985-10,2015-09,1980s,26.6370,11.562,29.94
A_Current,1985-11,2015-10,1980s,30.3404,12.047,48.30
G15_noGoldEquiv,1985-11,2015-10,1980s,16.1818,9.724,29.24
allocation_noGoldEquiv,1985-11,2015-10,1980s,26.9918,11.611,28.78
A_Current,1985-12,2015-11,1980s,29.3627,11.925,48.17
G15_noGoldEquiv,1985-12,2015-11,1980s,15.7971,9.636,29.05
allocation_noGoldEquiv,1985-12,2015-11,1980s,26.3534,11.522,28.63
A_Current,1986-01,2015-12,1980s,27.3289,11.657,47.78
G15_noGoldEquiv,1986-01,2015-12,1980s,15.2237,9.501,28.32
allocation_noGoldEquiv,1986-01,2015-12,1980s,25.3139,11.373,28.13
A_Current,1986-02,2016-01,1980s,25.0975,11.341,48.14
G15_noGoldEquiv,1986-02,2016-01,1980s,14.3644,9.289,29.21
allocation_noGoldEquiv,1986-02,2016-01,1980s,23.9297,11.164,28.81
A_Current,1986-03,2016-02,1980s,23.8982,11.159,47.83
G15_noGoldEquiv,1986-03,2016-02,1980s,13.8708,9.162,28.48
allocation_noGoldEquiv,1986-03,2016-02,1980s,23.2726,11.061,28.59
A_Current,1986-04,2016-03,1980s,24.1845,11.203,48.07
G15_noGoldEquiv,1986-04,2016-03,1980s,13.8770,9.163,28.58
allocation_noGoldEquiv,1986-04,2016-03,1980s,23.4631,11.091,29.59
A_Current,1986-05,2016-04,1980s,24.2948,11.220,47.94
G15_noGoldEquiv,1986-05,2016-04,1980s,13.4649,9.054,28.04
allocation_noGoldEquiv,1986-05,2016-04,1980s,22.8753,10.997,29.10
A_Current,1986-06,2016-05,1980s,23.8230,11.148,47.79
G15_noGoldEquiv,1986-06,2016-05,1980s,13.1691,8.973,27.52
allocation_noGoldEquiv,1986-06,2016-05,1980s,22.3254,10.907,28.66
A_Current,1986-07,2016-06,1980s,23.1914,11.048,47.83
G15_noGoldEquiv,1986-07,2016-06,1980s,12.7868,8.866,28.01
allocation_noGoldEquiv,1986-07,2016-06,1980s,21.6994,10.802,29.08
A_Current,1986-08,2016-07,1980s,24.5863,11.264,48.15
G15_noGoldEquiv,1986-08,2016-07,1980s,13.3059,9.010,28.51
allocation_noGoldEquiv,1986-08,2016-07,1980s,22.6067,10.954,29.57
A_Current,1986-09,2016-08,1980s,24.2980,11.221,48.20
G15_noGoldEquiv,1986-09,2016-08,1980s,13.1548,8.969,28.53
allocation_noGoldEquiv,1986-09,2016-08,1980s,22.3505,10.911,29.57
A_Current,1986-10,2016-09,1980s,25.4543,11.393,48.29
G15_noGoldEquiv,1986-10,2016-09,1980s,13.7589,9.132,28.96
allocation_noGoldEquiv,1986-10,2016-09,1980s,23.1620,11.043,29.94
A_Current,1986-11,2016-10,1980s,25.2727,11.367,48.30
G15_noGoldEquiv,1986-11,2016-10,1980s,13.5395,9.074,29.24
allocation_noGoldEquiv,1986-11,2016-10,1980s,22.9827,11.015,28.78
A_Current,1986-12,2016-11,1980s,25.8805,11.455,48.17
G15_noGoldEquiv,1986-12,2016-11,1980s,13.6046,9.091,29.05
allocation_noGoldEquiv,1986-12,2016-11,1980s,23.0576,11.027,28.63
A_Current,1987-01,2016-12,1980s,27.0178,11.615,47.78
G15_noGoldEquiv,1987-01,2016-12,1980s,14.2615,9.263,28.32
allocation_noGoldEquiv,1987-01,2016-12,1980s,23.9297,11.164,28.13
A_Current,1987-02,2017-01,1980s,25.1697,11.351,48.14
G15_noGoldEquiv,1987-02,2017-01,1980s,13.5638,9.080,29.21
allocation_noGoldEquiv,1987-02,2017-01,1980s,22.8759,10.997,28.81
A_Current,1987-03,2017-02,1980s,24.5259,11.255,47.83
G15_noGoldEquiv,1987-03,2017-02,1980s,13.5263,9.070,28.48
allocation_noGoldEquiv,1987-03,2017-02,1980s,22.7666,10.980,28.59
A_Current,1987-04,2017-03,1980s,23.7689,11.139,48.07
G15_noGoldEquiv,1987-04,2017-03,1980s,13.3689,9.028,28.58
allocation_noGoldEquiv,1987-04,2017-03,1980s,22.4611,10.930,29.59
A_Current,1987-05,2017-04,1980s,23.9934,11.174,47.94
G15_noGoldEquiv,1987-05,2017-04,1980s,13.1416,8.965,28.04
allocation_noGoldEquiv,1987-05,2017-04,1980s,22.0386,10.859,29.10
A_Current,1987-06,2017-05,1980s,23.6484,11.120,47.79
G15_noGoldEquiv,1987-06,2017-05,1980s,12.9239,8.905,27.52
allocation_noGoldEquiv,1987-06,2017-05,1980s,21.6631,10.796,28.66
A_Current,1987-07,2017-06,1980s,23.0357,11.023,47.83
G15_noGoldEquiv,1987-07,2017-06,1980s,12.5465,8.797,28.01
allocation_noGoldEquiv,1987-07,2017-06,1980s,21.0332,10.687,29.08
A_Current,1987-08,2017-07,1980s,22.1322,10.875,48.15
G15_noGoldEquiv,1987-08,2017-07,1980s,12.2578,8.713,28.51
allocation_noGoldEquiv,1987-08,2017-07,1980s,20.6029,10.611,29.57
A_Current,1987-09,2017-08,1980s,20.9306,10.669,48.20
G15_noGoldEquiv,1987-09,2017-08,1980s,11.8607,8.593,28.53
allocation_noGoldEquiv,1987-09,2017-08,1980s,19.8020,10.465,29.57
A_Current,1987-10,2017-09,1980s,22.5758,10.948,48.29
G15_noGoldEquiv,1987-10,2017-09,1980s,12.6737,8.834,28.96
allocation_noGoldEquiv,1987-10,2017-09,1980s,20.9522,10.673,29.94
A_Current,1987-11,2017-10,1980s,27.5961,11.694,48.30
G15_noGoldEquiv,1987-11,2017-10,1980s,14.1617,9.237,29.24
allocation_noGoldEquiv,1987-11,2017-10,1980s,23.6073,11.114,28.78
A_Current,1987-12,2017-11,1980s,31.2710,12.160,48.17
G15_noGoldEquiv,1987-12,2017-11,1980s,15.4986,9.566,29.05
allocation_noGoldEquiv,1987-12,2017-11,1980s,25.8739,11.454,28.63
A_Current,1988-01,2017-12,1980s,32.1082,12.259,47.78
G15_noGoldEquiv,1988-01,2017-12,1980s,16.1301,9.712,28.32
allocation_noGoldEquiv,1988-01,2017-12,1980s,26.7775,11.582,28.13
A_Current,1988-02,2018-01,1980s,31.4621,12.183,48.14
G15_noGoldEquiv,1988-02,2018-01,1980s,15.6935,9.612,29.21
allocation_noGoldEquiv,1988-02,2018-01,1980s,26.4092,11.530,28.81
A_Current,1988-03,2018-02,1980s,29.6135,11.957,47.83
G15_noGoldEquiv,1988-03,2018-02,1980s,15.2392,9.505,28.48
allocation_noGoldEquiv,1988-03,2018-02,1980s,25.6697,11.424,28.59
A_Current,1988-04,2018-03,1980s,28.9382,11.871,48.07
G15_noGoldEquiv,1988-04,2018-03,1980s,15.1910,9.493,28.58
allocation_noGoldEquiv,1988-04,2018-03,1980s,25.4445,11.392,29.59
A_Current,1988-05,2018-04,1980s,28.4715,11.810,47.94
G15_noGoldEquiv,1988-05,2018-04,1980s,14.5830,9.344,28.04
allocation_noGoldEquiv,1988-05,2018-04,1980s,24.5259,11.255,29.10
A_Current,1988-06,2018-05,1980s,29.5394,11.947,47.79
G15_noGoldEquiv,1988-06,2018-05,1980s,14.7752,9.392,27.52
allocation_noGoldEquiv,1988-06,2018-05,1980s,24.8023,11.297,28.66
A_Current,1988-07,2018-06,1980s,28.0961,11.760,47.83
G15_noGoldEquiv,1988-07,2018-06,1980s,14.0902,9.219,28.01
allocation_noGoldEquiv,1988-07,2018-06,1980s,23.7444,11.135,29.08
A_Current,1988-08,2018-07,1980s,28.1741,11.771,48.15
G15_noGoldEquiv,1988-08,2018-07,1980s,14.1068,9.223,28.51
allocation_noGoldEquiv,1988-08,2018-07,1980s,23.8627,11.154,29.57
A_Current,1988-09,2018-08,1980s,29.1433,11.897,48.20
G15_noGoldEquiv,1988-09,2018-08,1980s,14.3530,9.286,28.53
allocation_noGoldEquiv,1988-09,2018-08,1980s,24.2526,11.214,29.57
A_Current,1988-10,2018-09,1980s,28.7932,11.852,48.29
G15_noGoldEquiv,1988-10,2018-09,1980s,14.3101,9.275,28.96
allocation_noGoldEquiv,1988-10,2018-09,1980s,24.2428,11.212,29.94
A_Current,1988-11,2018-10,1980s,26.5888,11.555,48.30
G15_noGoldEquiv,1988-11,2018-10,1980s,13.6283,9.097,29.24
allocation_noGoldEquiv,1988-11,2018-10,1980s,23.1783,11.046,28.78
A_Current,1988-12,2018-11,1980s,27.2256,11.643,48.17
G15_noGoldEquiv,1988-12,2018-11,1980s,13.9597,9.185,29.05
allocation_noGoldEquiv,1988-12,2018-11,1980s,23.5397,11.103,28.63
A_Current,1989-01,2018-12,1980s,24.9488,11.319,47.78
G15_noGoldEquiv,1989-01,2018-12,1980s,13.5577,9.079,28.32
allocation_noGoldEquiv,1989-01,2018-12,1980s,22.5948,10.952,28.13
A_Current,1989-02,2019-01,1980s,24.7330,11.287,48.14
G15_noGoldEquiv,1989-02,2019-01,1980s,13.3451,9.021,29.21
allocation_noGoldEquiv,1989-02,2019-01,1980s,22.3349,10.909,28.81
A_Current,1989-03,2019-02,1980s,25.6522,11.422,47.83
G15_noGoldEquiv,1989-03,2019-02,1980s,13.8304,9.151,28.48
allocation_noGoldEquiv,1989-03,2019-02,1980s,23.1020,11.034,28.59
A_Current,1989-04,2019-03,1980s,25.4344,11.390,48.07
G15_noGoldEquiv,1989-04,2019-03,1980s,13.9119,9.172,28.58
allocation_noGoldEquiv,1989-04,2019-03,1980s,23.2748,11.061,29.59
A_Current,1989-05,2019-04,1980s,25.0960,11.341,47.94
G15_noGoldEquiv,1989-05,2019-04,1980s,13.2777,9.003,28.04
allocation_noGoldEquiv,1989-05,2019-04,1980s,22.4144,10.922,29.10
A_Current,1989-06,2019-05,1980s,23.0317,11.022,47.79
G15_noGoldEquiv,1989-06,2019-05,1980s,12.4156,8.759,27.52
allocation_noGoldEquiv,1989-06,2019-05,1980s,20.9494,10.672,28.66
A_Current,1989-07,2019-06,1980s,22.8725,10.997,47.83
G15_noGoldEquiv,1989-07,2019-06,1980s,12.1167,8.671,28.01
allocation_noGoldEquiv,1989-07,2019-06,1980s,20.5021,10.593,29.08
A_Current,1989-08,2019-07,1980s,22.5080,10.937,48.15
G15_noGoldEquiv,1989-08,2019-07,1980s,11.9128,8.609,28.51
allocation_noGoldEquiv,1989-08,2019-07,1980s,20.3275,10.561,29.57
A_Current,1989-09,2019-08,1980s,20.8015,10.646,48.20
G15_noGoldEquiv,1989-09,2019-08,1980s,11.4221,8.457,28.53
allocation_noGoldEquiv,1989-09,2019-08,1980s,19.2589,10.362,29.57
A_Current,1989-10,2019-09,1980s,21.6777,10.798,48.29
G15_noGoldEquiv,1989-10,2019-09,1980s,11.8137,8.579,28.96
allocation_noGoldEquiv,1989-10,2019-09,1980s,19.8868,10.480,29.94
A_Current,1989-11,2019-10,1980s,22.0548,10.862,48.30
G15_noGoldEquiv,1989-11,2019-10,1980s,11.9408,8.618,29.24
allocation_noGoldEquiv,1989-11,2019-10,1980s,20.1608,10.531,28.78
A_Current,1989-12,2019-11,1980s,23.4961,11.096,48.17
G15_noGoldEquiv,1989-12,2019-11,1980s,12.4621,8.773,29.05
allocation_noGoldEquiv,1989-12,2019-11,1980s,21.0369,10.688,28.63
A_Current,1990-01,2019-12,1990s,24.0280,11.179,47.78
G15_noGoldEquiv,1990-01,2019-12,1990s,12.8743,8.891,28.32
allocation_noGoldEquiv,1990-01,2019-12,1990s,21.5310,10.773,28.13
A_Current,1990-02,2020-01,1990s,24.8053,11.297,48.14
G15_noGoldEquiv,1990-02,2020-01,1990s,13.2783,9.003,29.21
allocation_noGoldEquiv,1990-02,2020-01,1990s,22.1895,10.885,28.81
A_Current,1990-03,2020-02,1990s,24.8529,11.304,47.83
G15_noGoldEquiv,1990-03,2020-02,1990s,13.5731,9.083,28.48
allocation_noGoldEquiv,1990-03,2020-02,1990s,22.6511,10.961,28.59
A_Current,1990-04,2020-03,1990s,19.2431,10.359,48.07
G15_noGoldEquiv,1990-04,2020-03,1990s,11.7514,8.560,28.58
allocation_noGoldEquiv,1990-04,2020-03,1990s,19.4211,10.393,29.59
A_Current,1990-05,2020-04,1990s,20.4389,10.581,47.94
G15_noGoldEquiv,1990-05,2020-04,1990s,11.8272,8.583,28.04
allocation_noGoldEquiv,1990-05,2020-04,1990s,19.5251,10.413,29.10
A_Current,1990-06,2020-05,1990s,20.3496,10.565,47.79
G15_noGoldEquiv,1990-06,2020-05,1990s,11.4602,8.469,27.52
allocation_noGoldEquiv,1990-06,2020-05,1990s,19.0705,10.326,28.66
A_Current,1990-07,2020-06,1990s,20.8774,10.660,47.83
G15_noGoldEquiv,1990-07,2020-06,1990s,11.4886,8.478,28.01
allocation_noGoldEquiv,1990-07,2020-06,1990s,19.1839,10.348,29.08
A_Current,1990-08,2020-07,1990s,21.5205,10.772,48.15
G15_noGoldEquiv,1990-08,2020-07,1990s,11.6634,8.533,28.51
allocation_noGoldEquiv,1990-08,2020-07,1990s,19.5460,10.417,29.57
A_Current,1990-09,2020-08,1990s,24.6526,11.274,48.20
G15_noGoldEquiv,1990-09,2020-08,1990s,12.6360,8.823,28.53
allocation_noGoldEquiv,1990-09,2020-08,1990s,21.1510,10.708,29.57
A_Current,1990-10,2020-09,1990s,25.6452,11.421,48.29
G15_noGoldEquiv,1990-10,2020-09,1990s,13.0706,8.946,28.96
allocation_noGoldEquiv,1990-10,2020-09,1990s,21.8345,10.825,29.94
A_Current,1990-11,2020-10,1990s,27.1861,11.638,48.30
G15_noGoldEquiv,1990-11,2020-10,1990s,13.5387,9.074,29.24
allocation_noGoldEquiv,1990-11,2020-10,1990s,22.7067,10.970,28.78
A_Current,1990-12,2020-11,1990s,28.5907,11.826,48.17
G15_noGoldEquiv,1990-12,2020-11,1990s,13.9152,9.173,29.05
allocation_noGoldEquiv,1990-12,2020-11,1990s,23.2871,11.063,28.63
A_Current,1991-01,2020-12,1990s,29.3200,11.919,47.78
G15_noGoldEquiv,1991-01,2020-12,1990s,14.3836,9.294,28.32
allocation_noGoldEquiv,1991-01,2020-12,1990s,23.8779,11.156,28.13
A_Current,1991-02,2021-01,1990s,30.1282,12.021,48.14
G15_noGoldEquiv,1991-02,2021-01,1990s,14.5138,9.327,29.21
allocation_noGoldEquiv,1991-02,2021-01,1990s,24.3001,11.221,28.81
A_Current,1991-03,2021-02,1990s,29.1460,11.897,47.83
G15_noGoldEquiv,1991-03,2021-02,1990s,14.2936,9.271,28.48
allocation_noGoldEquiv,1991-03,2021-02,1990s,23.8283,11.148,28.59
A_Current,1991-04,2021-03,1990s,29.5847,11.953,48.07
G15_noGoldEquiv,1991-04,2021-03,1990s,14.8414,9.408,28.58
allocation_noGoldEquiv,1991-04,2021-03,1990s,24.5608,11.261,29.59
A_Current,1991-05,2021-04,1990s,29.4527,11.936,47.94
G15_noGoldEquiv,1991-05,2021-04,1990s,14.3467,9.284,28.04
allocation_noGoldEquiv,1991-05,2021-04,1990s,23.9834,11.172,29.10
A_Current,1991-06,2021-05,1990s,29.7968,11.980,47.79
G15_noGoldEquiv,1991-06,2021-05,1990s,14.1308,9.229,27.52
allocation_noGoldEquiv,1991-06,2021-05,1990s,23.6453,11.120,28.66
A_Current,1991-07,2021-06,1990s,30.3419,12.047,47.83
G15_noGoldEquiv,1991-07,2021-06,1990s,14.1540,9.235,28.01
allocation_noGoldEquiv,1991-07,2021-06,1990s,23.6631,11.123,29.08
A_Current,1991-08,2021-07,1990s,29.7754,11.977,48.15
G15_noGoldEquiv,1991-08,2021-07,1990s,13.9604,9.185,28.51
allocation_noGoldEquiv,1991-08,2021-07,1990s,23.5328,11.102,29.57
A_Current,1991-09,2021-08,1990s,29.3243,11.920,48.20
G15_noGoldEquiv,1991-09,2021-08,1990s,13.5665,9.081,28.53
allocation_noGoldEquiv,1991-09,2021-08,1990s,22.9455,11.009,29.57
A_Current,1991-10,2021-09,1990s,29.8195,11.982,48.29
G15_noGoldEquiv,1991-10,2021-09,1990s,13.7576,9.132,28.96
allocation_noGoldEquiv,1991-10,2021-09,1990s,23.2546,11.058,29.94
A_Current,1991-11,2021-10,1990s,30.1412,12.023,48.30
G15_noGoldEquiv,1991-11,2021-10,1990s,13.9711,9.188,29.24
allocation_noGoldEquiv,1991-11,2021-10,1990s,23.6289,11.117,28.78
A_Current,1991-12,2021-11,1990s,31.3776,12.173,48.17
G15_noGoldEquiv,1991-12,2021-11,1990s,14.4416,9.308,29.05
allocation_noGoldEquiv,1991-12,2021-11,1990s,24.4214,11.240,28.63
A_Current,1992-01,2021-12,1990s,31.2189,12.154,47.78
G15_noGoldEquiv,1992-01,2021-12,1990s,14.5733,9.342,28.32
allocation_noGoldEquiv,1992-01,2021-12,1990s,24.6011,11.267,28.13
A_Current,1992-02,2022-01,1990s,28.6099,11.828,48.14
G15_noGoldEquiv,1992-02,2022-01,1990s,13.7057,9.118,29.21
allocation_noGoldEquiv,1992-02,2022-01,1990s,23.1850,11.047,28.81
A_Current,1992-03,2022-02,1990s,28.5664,11.822,47.83
G15_noGoldEquiv,1992-03,2022-02,1990s,13.8990,9.169,28.48
allocation_noGoldEquiv,1992-03,2022-02,1990s,23.4533,11.090,28.59
A_Current,1992-04,2022-03,1990s,29.6104,11.956,48.07
G15_noGoldEquiv,1992-04,2022-03,1990s,14.6577,9.363,28.58
allocation_noGoldEquiv,1992-04,2022-03,1990s,24.5604,11.261,29.59
A_Current,1992-05,2022-04,1990s,28.2631,11.783,47.94
G15_noGoldEquiv,1992-05,2022-04,1990s,13.6856,9.113,28.04
allocation_noGoldEquiv,1992-05,2022-04,1990s,23.2477,11.057,29.10
A_Current,1992-06,2022-05,1990s,26.4518,11.536,47.79
G15_noGoldEquiv,1992-06,2022-05,1990s,12.6876,8.838,27.52
allocation_noGoldEquiv,1992-06,2022-05,1990s,21.5556,10.778,28.66
A_Current,1992-07,2022-06,1990s,25.3642,11.380,47.83
G15_noGoldEquiv,1992-07,2022-06,1990s,12.1885,8.692,28.01
allocation_noGoldEquiv,1992-07,2022-06,1990s,20.8178,10.649,29.08
A_Current,1992-08,2022-07,1990s,24.9990,11.326,48.15
G15_noGoldEquiv,1992-08,2022-07,1990s,11.9304,8.615,28.51
allocation_noGoldEquiv,1992-08,2022-07,1990s,20.5024,10.593,29.57
A_Current,1992-09,2022-08,1990s,25.6894,11.427,48.20
G15_noGoldEquiv,1992-09,2022-08,1990s,11.9554,8.622,28.53
allocation_noGoldEquiv,1992-09,2022-08,1990s,20.6534,10.620,29.57
A_Current,1992-10,2022-09,1990s,23.7695,11.139,48.29
G15_noGoldEquiv,1992-10,2022-09,1990s,11.4331,8.461,28.96
allocation_noGoldEquiv,1992-10,2022-09,1990s,19.7636,10.458,29.94
A_Current,1992-11,2022-10,1990s,24.1750,11.202,48.30
G15_noGoldEquiv,1992-11,2022-10,1990s,11.5556,8.499,29.24
allocation_noGoldEquiv,1992-11,2022-10,1990s,19.9843,10.498,28.78
A_Current,1992-12,2022-11,1990s,24.2882,11.219,48.17
G15_noGoldEquiv,1992-12,2022-11,1990s,11.7265,8.552,29.05
allocation_noGoldEquiv,1992-12,2022-11,1990s,20.2517,10.547,28.63
A_Current,1993-01,2022-12,1990s,23.1649,11.044,47.78
G15_noGoldEquiv,1993-01,2022-12,1990s,11.6089,8.516,28.32
allocation_noGoldEquiv,1993-01,2022-12,1990s,19.9770,10.497,28.13
A_Current,1993-02,2023-01,1990s,23.5430,11.104,48.14
G15_noGoldEquiv,1993-02,2023-01,1990s,11.6486,8.528,29.21
allocation_noGoldEquiv,1993-02,2023-01,1990s,20.1342,10.526,28.81
A_Current,1993-03,2023-02,1990s,24.1168,11.193,47.83
G15_noGoldEquiv,1993-03,2023-02,1990s,11.9216,8.612,28.48
allocation_noGoldEquiv,1993-03,2023-02,1990s,20.6813,10.625,28.59
A_Current,1993-04,2023-03,1990s,23.0864,11.031,48.07
G15_noGoldEquiv,1993-04,2023-03,1990s,12.0736,8.658,28.58
allocation_noGoldEquiv,1993-04,2023-03,1990s,20.7510,10.637,29.59
A_Current,1993-05,2023-04,1990s,23.1917,11.048,47.94
G15_noGoldEquiv,1993-05,2023-04,1990s,11.7371,8.556,28.04
allocation_noGoldEquiv,1993-05,2023-04,1990s,20.3955,10.574,29.10
A_Current,1993-06,2023-05,1990s,22.5779,10.949,47.79
G15_noGoldEquiv,1993-06,2023-05,1990s,11.2824,8.413,27.52
allocation_noGoldEquiv,1993-06,2023-05,1990s,19.7028,10.446,28.66
A_Current,1993-07,2023-06,1990s,23.3383,11.071,47.83
G15_noGoldEquiv,1993-07,2023-06,1990s,11.3099,8.421,28.01
allocation_noGoldEquiv,1993-07,2023-06,1990s,19.8673,10.477,29.08
A_Current,1993-08,2023-07,1990s,24.0105,11.177,48.15
G15_noGoldEquiv,1993-08,2023-07,1990s,11.4092,8.453,28.51
allocation_noGoldEquiv,1993-08,2023-07,1990s,20.2213,10.542,29.57
A_Current,1993-09,2023-08,1990s,22.6445,10.960,48.20
G15_noGoldEquiv,1993-09,2023-08,1990s,10.7626,8.242,28.53
allocation_noGoldEquiv,1993-09,2023-08,1990s,19.2215,10.355,29.57
